{
    "mol7id": {
        "id": "1201643483811807232",
        "identifier": "<:mol7id:1201643483811807232>",
        "usage": "Atheist logo"
    },
    "lmorpho": {
        "id": "1201860094740930600",
        "identifier": "<:lmorpho:1201860094740930600>",
        "usage": "thinking face"
    },
    "l3omari": {
        "id": "1201860223476965397",
        "identifier": "<:l3omari:1201860223476965397>",
        "usage": "funny face"
    },
    "nostik": {
        "id": "1316415692735774720",
        "identifier": "<:nostik:1316415692735774720>",
        "usage": "youtuber"
    },
    "jhony": {
        "id": "1201861248149639208",
        "identifier": "<:jhony:1201861248149639208>",
        "usage": "pornstar"
    },
    "abokolayba": {
        "id": "1203104908337881138",
        "identifier": "<:abokolayba:1203104908337881138>",
        "usage": "funny face"
    },
    "jenna": {
        "id": "1203105391362449528",
        "identifier": "<:jenna:1203105391362449528>",
        "usage": "heaven"
    },
    "Capturddeihlgyi": {
        "id": "1203511385804513341",
        "identifier": "<:Capturddeihlgyi:1203511385804513341>",
        "usage": "funny face"
    },
    "ghg": {
        "id": "1203511449239027772",
        "identifier": "<:ghg:1203511449239027772>",
        "usage": "funny face"
    },
    "dsdssdsd": {
        "id": "1203511457250287646",
        "identifier": "<:dsdssdsd:1203511457250287646>",
        "usage": "funny face"
    },
    "a7": {
        "id": "1316414911357653107",
        "identifier": "<:a7:1316414911357653107>",
        "usage": "bdsm girl"
    },
    "chillguy": {
        "id": "1316415159098544128",
        "identifier": "<:chillguy:1316415159098544128>",
        "usage": "chill guy"
    },
    "rwicha": {
        "id": "1318215729434202142",
        "identifier": "<:rwicha:1318215729434202142>",
        "usage": "respect"
    },
    "tamazight": {
        "id": "1328392111963504771",
        "identifier": "<:tamazight:1328392111963504771>",
        "usage": "tamazight language"
    },
    "Kiss": {
        "id": "1334852265072394281",
        "identifier": "<:Kiss:1334852265072394281>",
        "usage": "kiss"
    },
    "emoji_35": {
        "id": "1334853470163042375",
        "identifier": "<:emoji_35:1334853470163042375>",
        "usage": "banned"
    },
    "hbil": {
        "id": "1335397343234625618",
        "identifier": "<a:hbil:1335397343234625618>",
        "usage": "idiot guy"
    },
    "discord": {
        "id": "1340068617865265213",
        "identifier": "<a:discord:1340068617865265213>",
        "usage": "discord"
    },
    "voice7": {
        "id": "1358152459566186567",
        "identifier": "<:voice7:1358152459566186567>",
        "usage": "voice channel"
    },
    "voice6": {
        "id": "1358152460979404992",
        "identifier": "<:voice6:1358152460979404992>",
        "usage": "voice channel"
    },
    "voice5": {
        "id": "1358152462527238215",
        "identifier": "<:voice5:1358152462527238215>",
        "usage": "voice channel"
    },
    "voice4": {
        "id": "1358152468273430718",
        "identifier": "<:voice4:1358152468273430718>",
        "usage": "voice channel"
    },
    "voice3": {
        "id": "1358152470081175622",
        "identifier": "<:voice3:1358152470081175622>",
        "usage": "voice channel"
    },
    "voice2": {
        "id": "1358152471687467228",
        "identifier": "<:voice2:1358152471687467228>",
        "usage": "voice channel"
    },
    "voice1": {
        "id": "1358152473403195555",
        "identifier": "<:voice1:1358152473403195555>",
        "usage": "voice channel"
    },
    "rajl": {
        "id": "1360442739241652446",
        "identifier": "<:rajl:1360442739241652446>",
        "usage": "smooking guy"
    },
    "lmsi7": {
        "id": "1360451122807963770",
        "identifier": "<a:lmsi7:1360451122807963770>",
        "usage": "jesus"
    },
    "miya": {
        "id": "1360450109598339322",
        "identifier": "<a:miya:1360450109598339322>",
        "usage": "hundred"
    },
    "thomaskaykmi": {
        "id": "1360450579087888575",
        "identifier": "<a:thomaskaykmi:1360450579087888575>",
        "usage": "guy smooking"
    },
    "bntkatslm": {
        "id": "1360450895107723485",
        "identifier": "<a:bntkatslm:1360450895107723485>",
        "usage": "--- ضَعِ المَعْنَى هُنَا (مثلاً: success, error, admin) ---"
    },
    "gay": {
        "id": "1360450949340205156",
        "identifier": "<a:gay:1360450949340205156>",
        "usage": "--- ضَعِ المَعْنَى هُنَا (مثلاً: success, error, admin) ---"
    },
    "faracha": {
        "id": "1360451601873240187",
        "identifier": "<a:faracha:1360451601873240187>",
        "usage": "--- ضَعِ المَعْنَى هُنَا (مثلاً: success, error, admin) ---"
    },
    "whitefire": {
        "id": "1360452585362030612",
        "identifier": "<a:whitefire:1360452585362030612>",
        "usage": "--- ضَعِ المَعْنَى هُنَا (مثلاً: success, error, admin) ---"
    },
    "roles": {
        "id": "1360453046470967407",
        "identifier": "<:roles:1360453046470967407>",
        "usage": "--- ضَعِ المَعْنَى هُنَا (مثلاً: success, error, admin) ---"
    },
    "music": {
        "id": "1367359695987408906",
        "identifier": "<:music:1367359695987408906>",
        "usage": "--- ضَعِ المَعْنَى هُنَا (مثلاً: success, error, admin) ---"
    },
    "waves": {
        "id": "1360826963216044223",
        "identifier": "<a:waves:1360826963216044223>",
        "usage": "--- ضَعِ المَعْنَى هُنَا (مثلاً: success, error, admin) ---"
    },
    "catvi": {
        "id": "1360827084863438889",
        "identifier": "<a:catvi:1360827084863438889>",
        "usage": "--- ضَعِ المَعْنَى هُنَا (مثلاً: success, error, admin) ---"
    },
    "Booster": {
        "id": "1360832375973609693",
        "identifier": "<a:Booster:1360832375973609693>",
        "usage": "--- ضَعِ المَعْنَى هُنَا (مثلاً: success, error, admin) ---"
    },
    "diamonda": {
        "id": "1360835764807536702",
        "identifier": "<a:diamonda:1360835764807536702>",
        "usage": "--- ضَعِ المَعْنَى هُنَا (مثلاً: success, error, admin) ---"
    },
    "cloudsound": {
        "id": "1361447374873952286",
        "identifier": "<:cloudsound:1361447374873952286>",
        "usage": "--- ضَعِ المَعْنَى هُنَا (مثلاً: success, error, admin) ---"
    },
    "clowsound": {
        "id": "1361448111511441499",
        "identifier": "<:clowsound:1361448111511441499>",
        "usage": "--- ضَعِ المَعْنَى هُنَا (مثلاً: success, error, admin) ---"
    },
    "cpause": {
        "id": "1361448290780057701",
        "identifier": "<:cpause:1361448290780057701>",
        "usage": "--- ضَعِ المَعْنَى هُنَا (مثلاً: success, error, admin) ---"
    },
    "cmusicnotes": {
        "id": "1361448912090693776",
        "identifier": "<:cmusicnotes:1361448912090693776>",
        "usage": "--- ضَعِ المَعْنَى هُنَا (مثلاً: success, error, admin) ---"
    },
    "cskip": {
        "id": "1361449126063116411",
        "identifier": "<:cskip:1361449126063116411>",
        "usage": "--- ضَعِ المَعْنَى هُنَا (مثلاً: success, error, admin) ---"
    },
    "cwastebasket": {
        "id": "1361450219019178026",
        "identifier": "<:cwastebasket:1361450219019178026>",
        "usage": "--- ضَعِ المَعْنَى هُنَا (مثلاً: success, error, admin) ---"
    },
    "cqueue": {
        "id": "1361452198558564372",
        "identifier": "<:cqueue:1361452198558564372>",
        "usage": "--- ضَعِ المَعْنَى هُنَا (مثلاً: success, error, admin) ---"
    },
    "crepeat": {
        "id": "1361452410912112831",
        "identifier": "<:crepeat:1361452410912112831>",
        "usage": "--- ضَعِ المَعْنَى هُنَا (مثلاً: success, error, admin) ---"
    },
    "loading": {
        "id": "1361472044256071710",
        "identifier": "<a:loading:1361472044256071710>",
        "usage": "--- ضَعِ المَعْنَى هُنَا (مثلاً: success, error, admin) ---"
    },
    "Arrow_1_Gif": {
        "id": "1361487282963615765",
        "identifier": "<a:Arrow_1_Gif:1361487282963615765>",
        "usage": "--- ضَعِ المَعْنَى هُنَا (مثلاً: success, error, admin) ---"
    },
    "Valorant": {
        "id": "1361524022373781584",
        "identifier": "<:Valorant:1361524022373781584>",
        "usage": "--- ضَعِ المَعْنَى هُنَا (مثلاً: success, error, admin) ---"
    },
    "GTa": {
        "id": "1361524103017664532",
        "identifier": "<a:GTa:1361524103017664532>",
        "usage": "--- ضَعِ المَعْنَى هُنَا (مثلاً: success, error, admin) ---"
    },
    "euro": {
        "id": "1361725668513026238",
        "identifier": "<:euro:1361725668513026238>",
        "usage": "--- ضَعِ المَعْنَى هُنَا (مثلاً: success, error, admin) ---"
    },
    "Dollar_1": {
        "id": "1361725848549458092",
        "identifier": "<a:Dollar_1:1361725848549458092>",
        "usage": "--- ضَعِ المَعْنَى هُنَا (مثلاً: success, error, admin) ---"
    },
    "Anime": {
        "id": "1361726074589020160",
        "identifier": "<a:Anime:1361726074589020160>",
        "usage": "--- ضَعِ المَعْنَى هُنَا (مثلاً: success, error, admin) ---"
    },
    "6601blackworld": {
        "id": "1361726287168929955",
        "identifier": "<a:6601blackworld:1361726287168929955>",
        "usage": "--- ضَعِ المَعْنَى هُنَا (مثلاً: success, error, admin) ---"
    },
    "LightingBolt": {
        "id": "1361729193947168870",
        "identifier": "<a:LightingBolt:1361729193947168870>",
        "usage": "--- ضَعِ المَعْنَى هُنَا (مثلاً: success, error, admin) ---"
    },
    "Fire": {
        "id": "1361729240013213919",
        "identifier": "<a:Fire:1361729240013213919>",
        "usage": "--- ضَعِ المَعْنَى هُنَا (مثلاً: success, error, admin) ---"
    },
    "amongus_party": {
        "id": "1361729444263235594",
        "identifier": "<a:amongus_party:1361729444263235594>",
        "usage": "--- ضَعِ المَعْنَى هُنَا (مثلاً: success, error, admin) ---"
    },
    "asinexegiveweays": {
        "id": "1361729576828407828",
        "identifier": "<a:asinexegiveweays:1361729576828407828>",
        "usage": "--- ضَعِ المَعْنَى هُنَا (مثلاً: success, error, admin) ---"
    },
    "warning_animated": {
        "id": "1361729714259099809",
        "identifier": "<a:warning_animated:1361729714259099809>",
        "usage": "--- ضَعِ المَعْنَى هُنَا (مثلاً: success, error, admin) ---"
    },
    "csgo": {
        "id": "1361733379174961182",
        "identifier": "<:csgo:1361733379174961182>",
        "usage": "--- ضَعِ المَعْنَى هُنَا (مثلاً: success, error, admin) ---"
    },
    "tick": {
        "id": "1367359515204391025",
        "identifier": "<:tick:1367359515204391025>",
        "usage": "--- ضَعِ المَعْنَى هُنَا (مثلاً: success, error, admin) ---"
    },
    "cross": {
        "id": "1367359614458396764",
        "identifier": "<:cross:1367359614458396764>",
        "usage": "--- ضَعِ المَعْنَى هُنَا (مثلاً: success, error, admin) ---"
    },
    "notif": {
        "id": "1447321335117123610",
        "identifier": "<a:notif:1447321335117123610>",
        "usage": "--- ضَعِ المَعْنَى هُنَا (مثلاً: success, error, admin) ---"
    },
    "gear": {
        "id": "1447323688092438738",
        "identifier": "<a:gear:1447323688092438738>",
        "usage": "--- ضَعِ المَعْنَى هُنَا (مثلاً: success, error, admin) ---"
    },
    "arrow": {
        "id": "1447389964102013060",
        "identifier": "<a:arrow:1447389964102013060>",
        "usage": "--- ضَعِ المَعْنَى هُنَا (مثلاً: success, error, admin) ---"
    },
    "sad_op": {
        "id": "1448480591124369657",
        "identifier": "<a:sad_op:1448480591124369657>",
        "usage": "--- ضَعِ المَعْنَى هُنَا (مثلاً: success, error, admin) ---"
    },
    "red": {
        "id": "1448483284664451132",
        "identifier": "<a:red:1448483284664451132>",
        "usage": "--- ضَعِ المَعْنَى هُنَا (مثلاً: success, error, admin) ---"
    },
    "orange_fire_gn": {
        "id": "1448483604220088341",
        "identifier": "<a:orange_fire_gn:1448483604220088341>",
        "usage": "--- ضَعِ المَعْنَى هُنَا (مثلاً: success, error, admin) ---"
    },
    "green_flame": {
        "id": "1448483837322461295",
        "identifier": "<a:green_flame:1448483837322461295>",
        "usage": "--- ضَعِ المَعْنَى هُنَا (مثلاً: success, error, admin) ---"
    },
    "Blue_fire_11pm": {
        "id": "1448485316192108574",
        "identifier": "<a:Blue_fire_11pm:1448485316192108574>",
        "usage": "--- ضَعِ المَعْنَى هُنَا (مثلاً: success, error, admin) ---"
    },
    "SkeletonLoveStruck": {
        "id": "1448502508946456638",
        "identifier": "<a:SkeletonLoveStruck:1448502508946456638>",
        "usage": "--- ضَعِ المَعْنَى هُنَا (مثلاً: success, error, admin) ---"
    },
    "CatLaughOmegaLUL": {
        "id": "1448504998542573628",
        "identifier": "<a:CatLaughOmegaLUL:1448504998542573628>",
        "usage": "--- ضَعِ المَعْنَى هُنَا (مثلاً: success, error, admin) ---"
    },
    "chi3a": {
        "id": "1448719888700145828",
        "identifier": "<:chi3a:1448719888700145828>",
        "usage": "--- ضَعِ المَعْنَى هُنَا (مثلاً: success, error, admin) ---"
    },
    "ibadiya": {
        "id": "1448720404058472493",
        "identifier": "<:ibadiya:1448720404058472493>",
        "usage": "--- ضَعِ المَعْنَى هُنَا (مثلاً: success, error, admin) ---"
    },
    "sufism": {
        "id": "1448721159205163160",
        "identifier": "<:sufism:1448721159205163160>",
        "usage": "--- ضَعِ المَعْنَى هُنَا (مثلاً: success, error, admin) ---"
    },
    "11pm_puffheart": {
        "id": "1448728817207349430",
        "identifier": "<a:11pm_puffheart:1448728817207349430>",
        "usage": "--- ضَعِ المَعْنَى هُنَا (مثلاً: success, error, admin) ---"
    },
    "12104crownpink": {
        "id": "1449139449211387945",
        "identifier": "<a:12104crownpink:1449139449211387945>",
        "usage": "--- ضَعِ المَعْنَى هُنَا (مثلاً: success, error, admin) ---"
    },
    "Cool_Doge": {
        "id": "1449140091984285809",
        "identifier": "<a:Cool_Doge:1449140091984285809>",
        "usage": "--- ضَعِ المَعْنَى هُنَا (مثلاً: success, error, admin) ---"
    },
    "org": {
        "id": "1449141144268308595",
        "identifier": "<a:org:1449141144268308595>",
        "usage": "--- ضَعِ المَعْنَى هُنَا (مثلاً: success, error, admin) ---"
    },
    "color_yellow_diamante": {
        "id": "1449454950022119427",
        "identifier": "<a:color_yellow_diamante:1449454950022119427>",
        "usage": "--- ضَعِ المَعْنَى هُنَا (مثلاً: success, error, admin) ---"
    },
    "boost": {
        "id": "1449497847094444083",
        "identifier": "<a:boost:1449497847094444083>",
        "usage": "--- ضَعِ المَعْنَى هُنَا (مثلاً: success, error, admin) ---"
    },
    "11pm_wine": {
        "id": "1450121302001319984",
        "identifier": "<a:11pm_wine:1450121302001319984>",
        "usage": "--- ضَعِ المَعْنَى هُنَا (مثلاً: success, error, admin) ---"
    },
    "bntkatchyr": {
        "id": "1450192233356595468",
        "identifier": "<a:bntkatchyr:1450192233356595468>",
        "usage": "--- ضَعِ المَعْنَى هُنَا (مثلاً: success, error, admin) ---"
    },
    "cs": {
        "id": "1450203031198109856",
        "identifier": "<:cs:1450203031198109856>",
        "usage": "--- ضَعِ المَعْنَى هُنَا (مثلاً: success, error, admin) ---"
    },
    "el_pubg": {
        "id": "1450203488255606866",
        "identifier": "<:el_pubg:1450203488255606866>",
        "usage": "--- ضَعِ المَعْنَى هُنَا (مثلاً: success, error, admin) ---"
    },
    "3in7mra": {
        "id": "1450241657261002864",
        "identifier": "<a:3in7mra:1450241657261002864>",
        "usage": "--- ضَعِ المَعْنَى هُنَا (مثلاً: success, error, admin) ---"
    },
    "league": {
        "id": "1450210632912732396",
        "identifier": "<:league:1450210632912732396>",
        "usage": "--- ضَعِ المَعْنَى هُنَا (مثلاً: success, error, admin) ---"
    },
    "3inktrmx": {
        "id": "1450210904724738093",
        "identifier": "<a:3inktrmx:1450210904724738093>",
        "usage": "--- ضَعِ المَعْنَى هُنَا (مثلاً: success, error, admin) ---"
    },
    "3in": {
        "id": "1450279319971823789",
        "identifier": "<a:3in:1450279319971823789>",
        "usage": "--- ضَعِ المَعْنَى هُنَا (مثلاً: success, error, admin) ---"
    },
    "trash": {
        "id": "1450280880881930341",
        "identifier": "<:trash:1450280880881930341>",
        "usage": "--- ضَعِ المَعْنَى هُنَا (مثلاً: success, error, admin) ---"
    },
    "admin": {
        "id": "1452014173075669012",
        "identifier": "<a:admin:1452014173075669012>",
        "usage": "--- ضَعِ المَعْنَى هُنَا (مثلاً: success, error, admin) ---"
    },
    "lock": {
        "id": "1452014333965111398",
        "identifier": "<:lock:1452014333965111398>",
        "usage": "--- ضَعِ المَعْنَى هُنَا (مثلاً: success, error, admin) ---"
    },
    "discotoolsxyzicon__3_removebgpre": {
        "id": "1452014396170571776",
        "identifier": "<:discotoolsxyzicon__3_removebgpre:1452014396170571776>",
        "usage": "--- ضَعِ المَعْنَى هُنَا (مثلاً: success, error, admin) ---"
    },
    "bent": {
        "id": "1452014465959858339",
        "identifier": "<a:bent:1452014465959858339>",
        "usage": "--- ضَعِ المَعْنَى هُنَا (مثلاً: success, error, admin) ---"
    },
    "ArrowRightRGB": {
        "id": "1453486894779338885",
        "identifier": "<a:ArrowRightRGB:1453486894779338885>",
        "usage": "--- ضَعِ المَعْنَى هُنَا (مثلاً: success, error, admin) ---"
    },
    "arrow_left_gn": {
        "id": "1453486979009220730",
        "identifier": "<a:arrow_left_gn:1453486979009220730>",
        "usage": "--- ضَعِ المَعْنَى هُنَا (مثلاً: success, error, admin) ---"
    },
    "new": {
        "id": "1454103247454339237",
        "identifier": "<:new:1454103247454339237>",
        "usage": "--- ضَعِ المَعْنَى هُنَا (مثلاً: success, error, admin) ---"
    },
    "discord_bot": {
        "id": "1454103318514110610",
        "identifier": "<a:discord_bot:1454103318514110610>",
        "usage": "--- ضَعِ المَعْنَى هُنَا (مثلاً: success, error, admin) ---"
    },
    "aywaa": {
        "id": "1454266270928081038",
        "identifier": "<a:aywaa:1454266270928081038>",
        "usage": "--- ضَعِ المَعْنَى هُنَا (مثلاً: success, error, admin) ---"
    },
    "blob_in": {
        "id": "1454266976535973939",
        "identifier": "<a:blob_in:1454266976535973939>",
        "usage": "--- ضَعِ المَعْنَى هُنَا (مثلاً: success, error, admin) ---"
    },
    "download2": {
        "id": "1454619002247839795",
        "identifier": "<:download2:1454619002247839795>",
        "usage": "--- ضَعِ المَعْنَى هُنَا (مثلاً: success, error, admin) ---"
    },
    "3achradrahm": {
        "id": "1454619141519441990",
        "identifier": "<:3achradrahm:1454619141519441990>",
        "usage": "--- ضَعِ المَعْنَى هُنَا (مثلاً: success, error, admin) ---"
    },
    "rb3alafryal": {
        "id": "1454620176074014893",
        "identifier": "<:rb3alafryal:1454620176074014893>",
        "usage": "--- ضَعِ المَعْنَى هُنَا (مثلاً: success, error, admin) ---"
    },
    "info": {
        "id": "1454901148547940442",
        "identifier": "<a:info:1454901148547940442>",
        "usage": "--- ضَعِ المَعْنَى هُنَا (مثلاً: success, error, admin) ---"
    },
    "dab": {
        "id": "1455650326337032344",
        "identifier": "<:dab:1455650326337032344>",
        "usage": "--- ضَعِ المَعْنَى هُنَا (مثلاً: success, error, admin) ---"
    },
    "cringe": {
        "id": "1455650486173696091",
        "identifier": "<:cringe:1455650486173696091>",
        "usage": "--- ضَعِ المَعْنَى هُنَا (مثلاً: success, error, admin) ---"
    },
    "3092_Haram": {
        "id": "1455650628088107148",
        "identifier": "<:3092_Haram:1455650628088107148>",
        "usage": "--- ضَعِ المَعْنَى هُنَا (مثلاً: success, error, admin) ---"
    },
    "mic": {
        "id": "1455650943306568030",
        "identifier": "<:mic:1455650943306568030>",
        "usage": "--- ضَعِ المَعْنَى هُنَا (مثلاً: success, error, admin) ---"
    },
    "angrygun": {
        "id": "1455651323054784713",
        "identifier": "<:angrygun:1455651323054784713>",
        "usage": "--- ضَعِ المَعْنَى هُنَا (مثلاً: success, error, admin) ---"
    },
    "hellokittyz": {
        "id": "1455651722482680121",
        "identifier": "<:hellokittyz:1455651722482680121>",
        "usage": "--- ضَعِ المَعْنَى هُنَا (مثلاً: success, error, admin) ---"
    }
}