{
  "1201626435958354021": {
    "channelId": "1404869573731160184",
    "setupBy": "1329180315314556951",
    "setupAt": 1755017414990,
    "birthdays": {
      "1329180315314556951": {
        "day": 7,
        "month": 9,
        "username": "apollotheoriginalone",
        "displayName": "APOllO Mazigh",
        "addedAt": 1760670855236
      },
      "1410426835715756102": {
        "day": 21,
        "month": 10,
        "username": "ashrafphilo_23788",
        "displayName": "Ashraf Philo",
        "addedAt": 1758415193911
      },
      "1185200065413926934": {
        "day": 27,
        "month": 9,
        "username": "benbarka1",
        "displayName": "✔ إسرافيل",
        "addedAt": 1758451459457
      },
      "996909595828174848": {
        "day": 27,
        "month": 10,
        "username": "snoop4488",
        "displayName": "JouLaYBiB",
        "addedAt": 1759889202414
      },
      "1277075588506718250": {
        "day": 24,
        "month": 4,
        "username": "lmenjni9",
        "displayName": "Nitro",
        "addedAt": 1760126667845
      },
      "725921427177340961": {
        "day": 18,
        "month": 12,
        "username": "saad003",
        "displayName": "SAAD",
        "addedAt": 1760567700755
      },
      "1040354227031134278": {
        "day": 3,
        "month": 7,
        "username": "draclauria",
        "displayName": "Htleer Mommy",
        "addedAt": 1760827655664
      },
      "1408215898728169513": {
        "day": 21,
        "month": 1,
        "username": "dszi89",
        "displayName": "🌟",
        "addedAt": 1761347628083
      },
      "1375933414712283338": {
        "day": 11,
        "month": 5,
        "username": "lyra_m17",
        "displayName": "да зто же 𝕷𝖞𝖗𝖆",
        "addedAt": 1763941117221
      },
      "716422653426008168": {
        "day": 1,
        "month": 8,
        "username": "aotes_95",
        "displayName": "𝕷𝖔𝖈𝖆𝖑𝖍𝖔𝖘𝖙",
        "addedAt": 1766798199039
      },
      "473623736558288896": {
        "day": 9,
        "month": 1,
        "username": "irqi",
        "displayName": "⭕ irqi",
        "addedAt": 1766798425572
      },
      "1192938001962115203": {
        "day": 17,
        "month": 3,
        "username": "ma.user",
        "displayName": "cigarettesaftersex",
        "addedAt": 1766808215511
      },
      "1243565678330646550": {
        "day": 24,
        "month": 10,
        "username": "3alee2",
        "displayName": "Vøɪᴅ",
        "addedAt": 1766838176779
      },
      "1401290269713760286": {
        "day": 26,
        "month": 10,
        "username": "billgospeysleepover69",
        "displayName": "شيخ قبيلة الزوامل شيخ احمد زامل",
        "addedAt": 1766853880685
      },
      "1056913242271780925": {
        "day": 9,
        "month": 5,
        "username": "ib_ra1",
        "displayName": "!  iibrahim.",
        "addedAt": 1767187615349
      },
      "835192166950371424": {
        "day": 11,
        "month": 5,
        "username": "jraadaa",
        "displayName": "⭕ jraadaa",
        "addedAt": 1767189349626
      },
      "1444484933400920155": {
        "day": 9,
        "month": 1,
        "username": "mi__laa",
        "displayName": "Mila",
        "addedAt": 1767384048655
      },
      "1407729731872227479": {
        "day": 7,
        "month": 7,
        "username": "na.rj1s",
        "displayName": "🪽روح",
        "addedAt": 1767444709553
      },
      "582955072208502797": {
        "day": 23,
        "month": 9,
        "username": "the_red_.",
        "displayName": "𝓣𝓱𝓮 𝓡𝓮𝓭 𝓑𝓵𝓸𝓸𝓭",
        "addedAt": 1767472013890
      },
      "614445495384801290": {
        "day": 28,
        "month": 1,
        "username": "0xpacman",
        "displayName": "0xPacman",
        "addedAt": 1767515912044
      }
    }
  }
}