{
  "1201626435958354021": {
    "853692908720619591": {
      "username": "dada_lkbir",
      "rejectedBy": "nobody_knows11",
      "rejectedAt": "2025-08-12T16:00:37.700Z",
      "reason": "No reason provided",
      "originalChannelId": "1398826711063199747",
      "originalChannelName": "our_life-report"
    },
    "1114575212839710780": {
      "username": "hokagesama2755",
      "rejectedBy": "nobody_knows11",
      "rejectedAt": "2025-08-12T16:01:55.788Z",
      "reason": "No reason provided",
      "originalChannelId": "1360692731453636769",
      "originalChannelName": "☕⪼・QHIWA"
    },
    "975519020260401152": {
      "username": ".our_life",
      "rejectedBy": "apollotheoriginalone",
      "rejectedAt": "2026-01-05T23:50:08.774Z",
      "reason": "ghir kanjreb",
      "originalChannelId": "1457799610704597178",
      "originalChannelName": "🙋‍♀️｜goodbey",
      "previousRoles": [
        "1422628228291494000"
      ]
    }
  },
  "1439742899163107440": {
    "1192938001962115203": {
      "username": "ma.user",
      "rejectedBy": "apollotheoriginalone",
      "rejectedAt": "2025-11-23T23:42:07.777Z",
      "reason": "No reason provided",
      "originalChannelId": "1442293345865957426",
      "originalChannelName": "aji-ntetsiw",
      "previousRoles": [
        "1439743012119777461",
        "1442288907864641597"
      ]
    }
  },
  "1445412314047058024": {
    "1329180315314556951": {
      "username": "apollotheoriginalone",
      "rejectedBy": "apollotheoriginalone",
      "rejectedAt": "2025-12-26T23:09:17.489Z",
      "reason": "this just a test",
      "originalChannelId": "1453138134379270387",
      "originalChannelName": "🧠nta-chkon",
      "previousRoles": [
        "1452803336549044418",
        "1454240599262757015"
      ]
    }
  }
}