{
  "1201626435958354021": {
    "1320173613051154463": [
      {
        "id": 1758212756332,
        "reason": "advertising in dms",
        "moderator": "titan__rh",
        "timestamp": "2025-09-18T16:25:56.332Z"
      },
      {
        "id": 1758213343120,
        "reason": "PLease remove the invite link from ur bio or get out",
        "moderator": "nobody_knows11",
        "timestamp": "2025-09-18T16:35:43.120Z"
      },
      {
        "id": 1758213389271,
        "reason": "No reason provided",
        "moderator": "titan__rh",
        "timestamp": "2025-09-18T16:36:29.271Z"
      }
    ],
    "1323732698652741687": [
      {
        "id": 1758470692555,
        "reason": "STOP spamin ur server 3end nass nas",
        "moderator": "nobody_knows11",
        "timestamp": "2025-09-21T16:04:52.555Z"
      }
    ],
    "1079937434688696391": [
      {
        "id": 1758471279971,
        "reason": "STOP POSTING PEDO AL9LAWI",
        "moderator": "nobody_knows11",
        "timestamp": "2025-09-21T16:14:39.971Z"
      }
    ],
    "1199062256483311680": [
      {
        "id": 1759624216063,
        "reason": "be respectful towards other members. Disrespectful behavior is not tolerated in this server. Continued behavior like this may lead to further action.",
        "moderator": "snoop4488",
        "timestamp": "2025-10-05T00:30:16.063Z"
      }
    ],
    "420331413456420864": [
      {
        "id": 1759893466674,
        "reason": "**⚠️ Stay respectful as we’ve always known you to be** *🙏 and please show respect to the admins* **🚫 What you did today with the admins was not respectful** *⚠️ Please make sure to behave properly next time otherwise you will be banned ❌*",
        "moderator": ".our_life",
        "timestamp": "2025-10-08T03:17:46.674Z"
      },
      {
        "id": 1759893486938,
        "reason": "**⚠️ Stay respectful as we’ve always known you to be** *🙏 and please show respect to the admins* **🚫 What you did today with the admins was not respectful** *⚠️ Please make sure to behave properly next time otherwise you will be banned ❌*",
        "moderator": ".our_life",
        "timestamp": "2025-10-08T03:18:06.938Z"
      }
    ],
    "1339457195326046289": [
      {
        "id": 1759968575760,
        "reason": "**Bro u have to remove the link from your BIO or leave the server **",
        "moderator": "apollotheoriginalone",
        "timestamp": "2025-10-09T00:09:35.760Z"
      }
    ],
    "1186386558463508560": [
      {
        "id": 1760222225746,
        "reason": "\n> **Hey buddy** 😎👋\nWhat you just did in the room 💬 was an **insult** 😡 to one of the admins 👮 — a **personal attack** 💢, and that’s not acceptable 🚫\nPlease be **respectful** next time 🙏🤝\nAs a consequence, you will be **banned for 20 minutes** ⏳🔒 — repeat offenses will result in a permanent ban ❗️🚫",
        "moderator": "apollotheoriginalone",
        "timestamp": "2025-10-11T22:37:05.746Z"
      }
    ],
    "1064933373983871007": [
      {
        "id": 1760826730745,
        "reason": "our friend <@1064933373983871007> ❤**\nAfter a discussion among the admin team regarding your recent actions, we decided to address the following points 👇\n\n🟢 **Disrespectful behavior toward one of our guests.**\nYou broke the staff’s trust by using inappropriate language — specifically writing *“We love your ass”* — which was seen by our guest. This goes against one of the **core values of our server: respect.**\n\n🟡 **Freedom of speech** is one of the most important principles in our server. However, sometimes your way of expressing yourself goes beyond acceptable limits. While we understand your humor and personality, when the voice room is full of new people, your **explicit language** gives a bad impression of our community.\n\n🔴 Finally, your **disrespectful attitude toward one of the admins**, including directly insulting them in a public voice room, is completely unacceptable.\n\nYou have violated **Rules #1, #5, and #7**\n🔗 [Server Rules](https://discord.com/channels/1201626435958354021/1201647312842277046)\n\n⚠️ Because of all this, you now have **1 warning** — only **two more warning** will result in a **ban**.\nIf you respect the rules and show good behavior, your warnings will be **removed after one month.**",
        "moderator": "apollotheoriginalone",
        "timestamp": "2025-10-18T22:32:10.745Z"
      },
      {
        "id": 1760826770519,
        "reason": "our friend <@1064933373983871007> ❤**\nAfter a discussion among the admin team regarding your recent actions, we decided to address the following points 👇\n\n🟢 **Disrespectful behavior toward one of our guests.**\nYou broke the staff’s trust by using inappropriate language — specifically writing *“We love your ass”* — which was seen by our guest. This goes against one of the **core values of our server: respect.**\n\n🟡 **Freedom of speech** is one of the most important principles in our server. However, sometimes your way of expressing yourself goes beyond acceptable limits. While we understand your humor and personality, when the voice room is full of new people, your **explicit language** gives a bad impression of our community.\n\n🔴 Finally, your **disrespectful attitude toward one of the admins**, including directly insulting them in a public voice room, is completely unacceptable.\n\nYou have violated **Rules #1, #5, and #7**\n🔗 [Server Rules](https://discord.com/channels/1201626435958354021/1201647312842277046)\n\n⚠️ Because of all this, you now have **1 warning** — only **two more warning** will result in a **ban**.\nIf you respect the rules and show good behavior, your warnings will be **removed after one month.**",
        "moderator": "apollotheoriginalone",
        "timestamp": "2025-10-18T22:32:50.519Z"
      },
      {
        "id": 1760826834141,
        "reason": "our friend <@1064933373983871007> ❤**\n\nAfter discussing your recent actions, the admin team decided to give you this notice 👇\n\n🟢 You showed **disrespect** toward a guest by writing *“We love your ass.”*\n🟡 Your **explicit language** in public rooms gives a bad image of the server.\n🔴 You also **insulted an admin** in a public room.\n\nYou broke **Rules #1, #5, and #7.**\n🔗 [Server Rules](https://discord.com/channels/1201626435958354021/1201647312842277046)\n\n⚠️ You now have **1 warning** — one more and you’ll be **banned.**\nIf you follow the rules, your warning will be **removed after one month.**`",
        "moderator": "apollotheoriginalone",
        "timestamp": "2025-10-18T22:33:54.141Z"
      },
      {
        "id": 1761347320292,
        "reason": "seb staff w drari f room",
        "moderator": "the_red_.",
        "timestamp": "2025-10-24T23:08:40.292Z"
      },
      {
        "id": 1763947093944,
        "reason": "Seban M3a Khona F public room + had lmera ila kan chi blan contacti team",
        "moderator": "apollotheoriginalone",
        "timestamp": "2025-11-24T01:18:13.944Z"
      }
    ],
    "1327715861821264006": [
      {
        "id": 1761435908989,
        "reason": "\"Breaking server rules . be respectful.\"",
        "moderator": "snoop4488",
        "timestamp": "2025-10-25T23:45:08.989Z"
      }
    ],
    "1351848116894040129": [
      {
        "id": 1761689590340,
        "reason": "jm3 krek olla next time ghadi t9ed",
        "moderator": "apollotheoriginalone",
        "timestamp": "2025-10-28T22:13:10.340Z"
      },
      {
        "id": 1761689608648,
        "reason": "jm3 krek olla next time ghadi t9ed",
        "moderator": "apollotheoriginalone",
        "timestamp": "2025-10-28T22:13:28.648Z"
      }
    ],
    "1248932327657181194": [
      {
        "id": 1762968299675,
        "reason": "Breaking server rules . be respectful.",
        "moderator": "the_red_.",
        "timestamp": "2025-11-12T17:24:59.675Z"
      }
    ],
    "437367562603593729": [
      {
        "id": 1763076762846,
        "reason": "يisrespecting a member without reason",
        "moderator": "hera_merrakchiya",
        "timestamp": "2025-11-13T23:32:42.846Z"
      }
    ],
    "1141904889765703730": [
      {
        "id": 1763512515224,
        "reason": "Bila ila jit 7wit lk mamak hadchi mymknch tqb7ih wnty mol7ida",
        "moderator": "apollotheoriginalone",
        "timestamp": "2025-11-19T00:35:15.224Z"
      }
    ],
    "992783640843006023": [
      {
        "id": 1763512619986,
        "reason": "Nshd lik sowa dialk nta w rasolk nws3ha likom ❤️❤️",
        "moderator": "apollotheoriginalone",
        "timestamp": "2025-11-19T00:36:59.987Z"
      }
    ],
    "888472697204531290": [
      {
        "id": 1763855966620,
        "reason": "Breaking server rules . be respectful.",
        "moderator": "the_red_.",
        "timestamp": "2025-11-22T23:59:26.620Z"
      }
    ],
    "1087478182057361418": [
      {
        "id": 1763855995155,
        "reason": "Breaking server rules . be respectful.",
        "moderator": "the_red_.",
        "timestamp": "2025-11-22T23:59:55.155Z"
      },
      {
        "id": 1763947050983,
        "reason": "Seban F public Room + had lmera ila kan chi blan contact team",
        "moderator": "apollotheoriginalone",
        "timestamp": "2025-11-24T01:17:30.983Z"
      }
    ],
    "763850512122511381": [
      {
        "id": 1767059429546,
        "reason": "disrespecting other members",
        "moderator": "kain_1898",
        "timestamp": "2025-12-30T01:50:29.546Z"
      }
    ],
    "1412235778486042624": [
      {
        "id": 1767118950076,
        "reason": "disrespect member without reason and trolling ... Diry 3aQlek KULSHI 5ot <:discotoolsxyzicon__3_removebgpre:1452014396170571776>",
        "moderator": "apollotheoriginalone",
        "timestamp": "2025-12-30T18:22:30.076Z"
      }
    ],
    "1369747327677370411": [
      {
        "id": 1767264269416,
        "reason": "the invite link from your Description or leave the server... U have 7 Hours <:lock:1452014333965111398>",
        "moderator": ".our_life",
        "timestamp": "2026-01-01T10:44:29.416Z"
      }
    ],
    "1452849533368275058": [
      {
        "id": 1767567429586,
        "reason": "Had lmera melli tkon f chi room 7tarm l concept dyalha please",
        "moderator": "apollotheoriginalone",
        "timestamp": "2026-01-04T22:57:09.586Z"
      }
    ]
  }
}